City_ID,City,Lat,Lng,Max Temp,Humidity,Cloudiness,Wind Speed,Country,Date
0,Arraial Do Cabo,-22.9661,-42.0278,75.06,78,75,19.57,BR,2021-11-20 16:22:36
1,Port Blair,11.6667,92.75,81.73,86,66,13.06,IN,2021-11-20 16:27:22
2,Ushuaia,-54.8,-68.3,44.22,70,75,40.29,AR,2021-11-20 16:23:48
3,Puerto Ayora,-0.7393,-90.3518,76.96,74,83,10.31,EC,2021-11-20 16:27:23
4,Butaritari,3.0707,172.7902,81.91,66,97,14.12,KI,2021-11-20 16:27:23
5,Prenzlau,53.3167,13.8667,54.21,71,100,17.09,DE,2021-11-20 16:27:23
6,Provideniya,64.3833,-173.3,9.28,57,13,4.65,RU,2021-11-20 16:27:24
7,Yellowknife,62.456,-114.3525,0.28,85,75,9.22,CA,2021-11-20 16:27:24
8,Castro,-24.7911,-50.0119,73.0,57,75,4.94,BR,2021-11-20 16:27:21
9,New Norfolk,-42.7826,147.0587,51.3,81,76,2.62,AU,2021-11-20 16:27:24
10,Port Alfred,-33.5906,26.891,65.12,67,63,16.28,ZA,2021-11-20 16:27:24
11,Tasiilaq,65.6145,-37.6368,28.56,95,100,18.1,GL,2021-11-20 16:27:25
12,Kapaa,22.0752,-159.319,75.52,77,75,4.61,US,2021-11-20 16:27:25
13,Jamestown,42.097,-79.2353,39.52,62,1,5.99,US,2021-11-20 16:27:25
14,Ponta Do Sol,32.6667,-17.1,70.72,66,72,3.11,PT,2021-11-20 16:27:25
15,Rikitea,-23.1203,-134.9692,73.04,64,100,8.63,PF,2021-11-20 16:27:25
16,Altay,47.8667,88.1167,5.4,57,0,6.78,CN,2021-11-20 16:27:26
17,Port Lincoln,-34.7333,135.8667,54.77,71,23,13.62,AU,2021-11-20 16:24:33
18,The Pas,53.8251,-101.2541,24.82,86,90,14.97,CA,2021-11-20 16:27:26
19,Mataura,-46.1927,168.8643,50.31,99,100,3.0,NZ,2021-11-20 16:27:20
20,East London,-33.0153,27.9116,67.14,68,75,11.5,ZA,2021-11-20 16:27:26
21,Nikolskoye,59.7035,30.7861,37.87,77,95,12.68,RU,2021-11-20 16:27:27
22,Atuona,-9.8,-139.0333,79.21,67,2,12.77,PF,2021-11-20 16:25:59
23,Cidreira,-30.1811,-50.2056,71.06,55,0,10.83,BR,2021-11-20 16:27:27
24,Asfi,32.2994,-9.2372,65.71,76,7,12.53,MA,2021-11-20 16:27:27
25,Hilo,19.7297,-155.09,76.28,87,90,6.91,US,2021-11-20 16:27:27
26,Allada,6.6655,2.1514,86.76,57,41,7.56,BJ,2021-11-20 16:27:28
27,La Ronge,55.1001,-105.2842,19.65,73,90,5.75,CA,2021-11-20 16:27:28
28,Smirnykh,49.75,142.8333,21.6,80,13,6.04,RU,2021-11-20 16:27:28
29,Teguldet,57.3064,88.1667,13.62,93,100,7.72,RU,2021-11-20 16:27:28
30,Paamiut,61.994,-49.6678,32.94,98,100,14.94,GL,2021-11-20 16:27:29
31,Gat,31.61,34.7642,63.39,65,98,5.75,IL,2021-11-20 16:27:29
32,Bengkulu,-3.8004,102.2655,77.25,89,95,3.67,ID,2021-11-20 16:27:29
33,Punta Arenas,-53.15,-70.9167,46.51,57,75,40.29,CL,2021-11-20 16:22:35
34,Cabo San Lucas,22.8909,-109.9124,78.51,57,1,3.0,MX,2021-11-20 16:23:12
35,Caravelas,-17.7125,-39.2481,82.96,69,100,11.1,BR,2021-11-20 16:27:29
36,Makakilo City,21.3469,-158.0858,74.68,82,1,3.44,US,2021-11-20 16:27:30
37,Shakiso,5.75,38.9167,65.07,48,27,2.04,ET,2021-11-20 16:27:30
38,Sumkino,58.1108,68.3244,25.09,83,100,12.88,RU,2021-11-20 16:27:30
39,Yar-Sale,66.8333,70.8333,5.72,94,100,18.88,RU,2021-11-20 16:27:31
40,Stephenville Crossing,48.5,-58.4318,37.53,70,75,17.27,CA,2021-11-20 16:27:31
41,Kodiak,57.79,-152.4072,35.11,69,90,28.77,US,2021-11-20 16:27:31
42,San Vicente,-26.6167,-54.1333,87.13,27,1,1.68,AR,2021-11-20 16:27:31
43,Busselton,-33.65,115.3333,58.59,63,33,12.57,AU,2021-11-20 16:27:20
44,Aykhal,66.0,111.5,-22.67,100,93,5.46,RU,2021-11-20 16:28:32
45,Ballina,-28.8667,153.5667,68.77,99,75,6.91,AU,2021-11-20 16:28:04
46,Belmonte,-15.8631,-38.8828,86.5,68,95,10.76,BR,2021-11-20 16:27:44
47,Sarangani,5.4033,125.4636,84.31,72,94,5.12,PH,2021-11-20 16:28:32
48,Talnakh,69.4865,88.3972,-16.04,92,27,8.84,RU,2021-11-20 16:28:33
49,Rawatsar,29.2833,74.3833,70.32,18,0,5.95,IN,2021-11-20 16:28:33
50,San Andres,12.5847,-81.7006,86.02,74,75,13.8,CO,2021-11-20 16:28:33
51,Souillac,-20.5167,57.5167,77.38,73,40,10.36,MU,2021-11-20 16:27:28
52,Torbay,47.6666,-52.7314,43.29,90,75,12.66,CA,2021-11-20 16:28:34
53,Qaanaaq,77.484,-69.3632,-5.28,71,17,6.93,GL,2021-11-20 16:28:34
54,George Town,5.4112,100.3354,80.53,93,20,4.61,MY,2021-11-20 16:25:09
55,Sola,-13.8833,167.55,80.29,72,100,11.65,VU,2021-11-20 16:28:34
56,Tura,25.5198,90.2201,63.48,76,6,3.15,IN,2021-11-20 16:28:34
57,Cape Town,-33.9258,18.4232,75.11,52,20,21.85,ZA,2021-11-20 16:27:36
58,Carnarvon,-24.8667,113.6333,71.67,83,75,11.5,AU,2021-11-20 16:28:35
59,Mar Del Plata,-38.0023,-57.5575,82.42,34,0,14.97,AR,2021-11-20 16:28:35
60,Road Town,18.4167,-64.6167,86.04,70,20,9.22,VG,2021-11-20 16:28:08
61,Bluff,-46.6,168.3333,52.14,95,100,5.41,NZ,2021-11-20 16:27:37
62,Grindavik,63.8424,-22.4338,32.47,74,75,6.91,IS,2021-11-20 16:28:35
63,Barrow,71.2906,-156.7887,8.62,72,90,11.5,US,2021-11-20 16:27:15
64,Luderitz,-26.6481,15.1594,67.32,65,12,26.64,NA,2021-11-20 16:28:36
65,Beringovskiy,63.05,179.3167,-0.76,97,33,9.57,RU,2021-11-20 16:28:36
66,Esso,55.9333,158.7,24.4,92,100,15.82,RU,2021-11-20 16:28:36
67,Oistins,13.0667,-59.5333,86.09,66,40,20.71,BB,2021-11-20 16:28:36
68,Sept-Iles,50.2001,-66.3821,34.05,65,90,4.0,CA,2021-11-20 16:27:02
69,Jalingo,8.8833,11.3667,95.52,19,69,2.89,NG,2021-11-20 16:28:37
70,Novopokrovka,49.8425,36.5477,46.78,66,93,22.66,UA,2021-11-20 16:28:37
71,Tuktoyaktuk,69.4541,-133.0374,-5.8,77,40,4.61,CA,2021-11-20 16:27:51
72,Korla,41.7597,86.1469,29.44,50,0,2.84,CN,2021-11-20 16:28:37
73,Bredasdorp,-34.5322,20.0403,65.28,66,96,18.66,ZA,2021-11-20 16:28:37
74,Bambanglipuro,-7.95,110.2833,77.22,87,99,2.35,ID,2021-11-20 16:28:38
75,San Quintin,30.4833,-115.95,61.32,84,97,4.65,MX,2021-11-20 16:28:38
76,Chokurdakh,70.6333,147.9167,-6.09,100,100,3.38,RU,2021-11-20 16:28:38
77,Thai Binh,20.45,106.3333,75.2,90,6,6.53,VN,2021-11-20 16:28:39
78,Fare,-16.7,-151.0167,80.19,76,34,20.18,PF,2021-11-20 16:28:39
79,Albany,42.6001,-73.9662,42.62,61,30,1.99,US,2021-11-20 16:28:39
80,Sitka,57.0531,-135.33,33.69,60,90,11.5,US,2021-11-20 16:28:39
81,Ilulissat,69.2167,-51.1,26.62,54,75,5.75,GL,2021-11-20 16:28:40
82,Bambous Virieux,-20.3428,57.7575,77.25,73,40,10.36,MU,2021-11-20 16:27:47
83,Lebu,-37.6167,-73.65,60.01,76,49,16.15,CL,2021-11-20 16:28:40
84,Avarua,-21.2078,-159.775,73.45,78,36,4.61,CK,2021-11-20 16:28:31
85,Takoradi,4.8845,-1.7554,83.59,73,26,8.46,GH,2021-11-20 16:28:40
86,Cherskiy,68.75,161.3,-17.95,92,35,1.95,RU,2021-11-20 16:28:40
87,Saskylakh,71.9167,114.0833,-22.2,98,92,6.29,RU,2021-11-20 16:28:41
88,Kieta,-6.2167,155.6333,78.06,82,100,1.36,PG,2021-11-20 16:28:41
89,Hobart,-42.8794,147.3294,51.66,88,75,1.01,AU,2021-11-20 16:28:41
90,Bathsheba,13.2167,-59.5167,86.61,76,40,20.71,BB,2021-11-20 16:28:41
91,Yar,58.249,52.1026,28.06,94,100,9.8,RU,2021-11-20 16:28:42
92,Biltine,14.5333,20.9167,88.54,11,0,8.93,TD,2021-11-20 16:28:33
93,Khromtau,50.2503,58.4347,21.85,91,100,14.45,KZ,2021-11-20 16:29:42
94,Leningradskiy,69.3833,178.4167,-6.81,85,2,3.78,RU,2021-11-20 16:29:42
95,Forbes,-33.3833,148.0167,62.92,96,100,6.08,AU,2021-11-20 16:29:43
96,Tateyama,34.9833,139.8667,55.42,72,11,8.05,JP,2021-11-20 16:29:43
97,Atar,20.5169,-13.0499,93.83,16,100,0.89,MR,2021-11-20 16:29:43
98,Ponerihouen,-21.0833,165.4,71.37,82,5,4.85,NC,2021-11-20 16:29:43
99,Qaqortoq,60.7167,-46.0333,36.1,99,100,11.23,GL,2021-11-20 16:29:43
100,Dikson,73.5069,80.5464,-10.66,92,51,12.19,RU,2021-11-20 16:29:44
101,Maceio,-9.6658,-35.7353,89.04,51,75,13.8,BR,2021-11-20 16:29:44
102,Mahebourg,-20.4081,57.7,77.29,73,40,10.36,MU,2021-11-20 16:29:44
103,Lubao,14.9167,120.55,80.15,80,97,1.57,PH,2021-11-20 16:29:44
104,Bethel,41.3712,-73.414,45.57,53,1,1.01,US,2021-11-20 16:29:45
105,Syriam,16.7722,96.2378,80.71,83,20,3.44,MM,2021-11-20 16:29:45
106,Binabalian,16.4202,119.9279,83.34,65,78,3.36,PH,2021-11-20 16:29:45
107,Saint-Pierre,-21.3393,55.4781,77.29,72,0,2.3,RE,2021-11-20 16:27:10
108,Umba,66.6871,34.3429,28.76,90,99,9.22,RU,2021-11-20 16:29:46
109,Aragats,40.4889,44.3528,31.57,69,99,4.21,AM,2021-11-20 16:29:46
110,Sarahan,31.5167,77.8,44.22,35,0,7.81,IN,2021-11-20 16:29:46
111,Olafsvik,64.8945,-23.7142,33.57,66,100,1.66,IS,2021-11-20 16:29:46
112,Tlapehuala,18.2167,-100.5167,79.92,53,0,0.96,MX,2021-11-20 16:29:47
113,Thompson,55.7435,-97.8558,21.36,86,90,20.71,CA,2021-11-20 16:29:47
114,Mount Isa,-20.7333,139.5,78.57,61,4,1.14,AU,2021-11-20 16:28:47
115,Oranjemund,-28.55,16.4333,64.06,76,1,16.87,NA,2021-11-20 16:29:47
116,Saint Anthony,45.0205,-93.218,41.31,100,1,1.99,US,2021-11-20 16:27:50
117,Ust-Shonosha,61.1531,41.343,26.37,98,97,3.27,RU,2021-11-20 16:29:48
118,Fairview,40.8126,-73.999,46.63,51,1,5.75,US,2021-11-20 16:29:48
119,Entre Rios,-11.9419,-38.0844,92.37,35,32,8.12,BR,2021-11-20 16:26:14
120,Longyearbyen,78.2186,15.6401,6.64,72,40,10.36,SJ,2021-11-20 16:27:26
121,Pouembout,-21.1333,164.9,70.63,86,24,1.1,NC,2021-11-20 16:29:49
122,Salalah,17.0151,54.0924,80.69,74,0,2.3,OM,2021-11-20 16:29:49
123,Ketchikan,55.3422,-131.6461,34.27,93,90,0.0,US,2021-11-20 16:29:49
124,Miri,4.4148,114.0089,84.34,79,40,4.61,MY,2021-11-20 16:29:49
125,Atambua,-9.1061,124.8925,76.57,87,98,2.01,ID,2021-11-20 16:29:50
126,Kashary,49.04,41.0056,45.0,87,100,20.96,RU,2021-11-20 16:29:50
127,Ulagan,50.6321,87.9563,-0.83,85,78,3.15,RU,2021-11-20 16:29:50
128,Timra,62.487,17.3257,37.67,80,75,4.61,SE,2021-11-20 16:29:50
129,Lata,40.1629,-8.3327,64.08,66,71,7.4,PT,2021-11-20 16:29:51
130,Kavieng,-2.5744,150.7967,82.13,73,57,6.42,PG,2021-11-20 16:29:51
131,Saint-Augustin,51.226,-58.6502,30.97,52,9,16.62,CA,2021-11-20 16:29:51
132,Los Llanos De Aridane,28.6585,-17.9182,67.75,61,20,3.0,ES,2021-11-20 16:29:52
133,Lorengau,-2.0226,147.2712,81.14,69,58,1.07,PG,2021-11-20 16:29:52
134,Touros,-5.1989,-35.4608,88.7,57,100,15.43,BR,2021-11-20 16:26:28
135,Port Elizabeth,-33.918,25.5701,65.1,68,75,12.66,ZA,2021-11-20 16:29:52
136,Changying,52.8733,123.3213,7.54,96,100,0.36,CN,2021-11-20 16:29:52
137,San Pedro De Macoris,18.4616,-69.2972,88.41,54,37,8.99,DO,2021-11-20 16:29:53
138,Novoilinsk,51.6829,108.7143,12.94,96,100,1.97,RU,2021-11-20 16:30:53
139,Smithers,54.7804,-127.1743,32.32,93,90,6.91,CA,2021-11-20 16:29:21
140,Aykino,62.2248,49.9922,25.61,97,100,5.32,RU,2021-11-20 16:30:53
141,Gravdal,68.1214,13.5031,35.96,69,78,29.97,NO,2021-11-20 16:30:53
142,Bandundu,-3.3167,17.3667,74.77,91,97,4.68,CD,2021-11-20 16:30:54
143,Monrovia,6.3005,-10.7969,87.57,73,32,10.49,LR,2021-11-20 16:29:29
144,Richards Bay,-28.783,32.0377,67.8,66,97,6.2,ZA,2021-11-20 16:30:54
145,Nuuk,64.1835,-51.7216,32.61,100,90,31.07,GL,2021-11-20 16:30:54
146,Pevek,69.7008,170.3133,-10.32,97,73,2.84,RU,2021-11-20 16:30:54
147,Xingyi,24.1877,102.817,51.13,89,0,1.72,CN,2021-11-20 16:27:53
148,Muros,42.7762,-9.0603,66.7,62,88,5.12,ES,2021-11-20 16:30:55
149,Severo-Yeniseyskiy,60.3725,93.0408,-15.54,99,71,3.8,RU,2021-11-20 16:30:55
150,Port Hardy,50.6996,-127.4199,44.6,100,75,6.91,CA,2021-11-20 16:30:55
151,Deputatskiy,69.3,139.9,-6.45,99,100,2.3,RU,2021-11-20 16:29:40
152,Havre-Saint-Pierre,50.2334,-63.5986,34.39,47,1,20.71,CA,2021-11-20 16:30:56
153,Simao,22.7886,100.9748,55.49,87,3,1.86,CN,2021-11-20 16:30:56
154,Kashi,39.4547,75.9797,31.21,51,0,4.47,CN,2021-11-20 16:30:56
155,Praya,14.9215,-23.5087,86.54,58,75,13.8,CV,2021-11-20 16:29:15
156,Plaza De Caisan,8.7333,-82.8167,73.49,63,31,4.94,PA,2021-11-20 16:30:56
157,Ribeira Grande,38.5167,-28.7,64.8,82,75,28.77,PT,2021-11-20 16:30:57
158,Laguna,38.421,-121.4238,57.7,93,1,1.01,US,2021-11-20 16:30:57
159,Isiro,2.7739,27.616,70.54,83,73,1.48,CD,2021-11-20 16:30:57
160,Kruisfontein,-34.0033,24.7314,62.89,74,74,15.84,ZA,2021-11-20 16:30:57
161,Yaan,7.3833,8.5667,88.63,38,38,1.92,NG,2021-11-20 16:30:58
162,Sorong,-0.8833,131.25,79.97,82,100,3.65,ID,2021-11-20 16:30:58
163,Port Moresby,-9.4431,147.1797,76.42,94,90,5.75,PG,2021-11-20 16:30:58
164,Genhe,50.7833,121.5167,8.42,97,82,0.98,CN,2021-11-20 16:30:59
165,Aklera,24.4167,76.5667,71.24,55,99,5.84,IN,2021-11-20 16:30:59
166,Onokhoy,51.932,108.0747,11.95,89,100,6.11,RU,2021-11-20 16:30:59
167,Saint-Philippe,-21.3585,55.7679,77.22,76,49,9.33,RE,2021-11-20 16:27:37
168,Severo-Kurilsk,50.6789,156.125,36.41,94,99,6.87,RU,2021-11-20 16:27:26
169,Hamilton,39.1834,-84.5333,47.41,59,1,1.01,US,2021-11-20 16:30:22
170,Nouadhibou,20.931,-17.0347,69.17,81,100,12.97,MR,2021-11-20 16:30:59
171,Izhma,65.0083,53.9113,25.14,92,98,9.48,RU,2021-11-20 16:31:00
172,Narsaq,60.9167,-46.05,35.82,99,100,4.0,GL,2021-11-20 16:31:00
173,Nanortalik,60.1432,-45.2371,38.26,97,100,14.74,GL,2021-11-20 16:27:26
174,Waipawa,-41.4122,175.5153,56.44,82,56,7.07,NZ,2021-11-20 16:31:00
175,Matara,5.9485,80.5353,76.78,77,75,9.44,LK,2021-11-20 16:31:01
176,Bogo,11.0517,124.0055,78.75,87,74,2.82,PH,2021-11-20 16:31:01
177,Baykit,61.67,96.37,-18.98,100,99,2.55,RU,2021-11-20 16:28:09
178,Nemuro,43.3236,145.575,38.93,66,69,11.65,JP,2021-11-20 16:31:01
179,Vaini,-21.2,-175.2,71.76,100,20,2.3,TO,2021-11-20 16:31:01
180,Saldanha,-33.0117,17.9442,77.05,77,100,16.02,ZA,2021-11-20 16:31:02
181,Mackay,-21.15,149.2,67.05,88,40,5.75,AU,2021-11-20 16:32:02
182,Honningsvag,70.9821,25.9704,33.31,60,100,29.08,NO,2021-11-20 16:28:49
183,Terrace,54.5163,-128.6035,43.43,93,90,13.8,CA,2021-11-20 16:32:02
184,Hermanus,-34.4187,19.2345,74.89,69,40,20.58,ZA,2021-11-20 16:28:58
185,Rio Gallegos,-51.6226,-69.2181,57.25,23,40,40.29,AR,2021-11-20 16:32:03
186,San Roque,36.2107,-5.3842,59.83,82,40,5.75,ES,2021-11-20 16:32:03
187,Georgetown,5.4112,100.3354,80.53,93,20,5.01,MY,2021-11-20 16:31:20
188,Airai,-8.9266,125.4092,62.6,91,99,0.81,TL,2021-11-20 16:32:04
189,Faanui,-16.4833,-151.75,80.44,77,74,20.8,PF,2021-11-20 16:32:04
190,Miraflores,19.2167,-98.8083,59.76,54,2,3.15,MX,2021-11-20 16:27:27
191,Northam,51.0333,-4.2167,51.62,86,100,8.55,GB,2021-11-20 16:32:04
192,Sarany,58.5,58.8833,21.27,95,100,7.54,RU,2021-11-20 16:32:05
193,Nabire,-3.3667,135.4833,76.98,89,100,2.1,ID,2021-11-20 16:32:05
194,Kungurtug,50.5994,97.5228,-12.12,95,16,1.92,RU,2021-11-20 16:32:05
195,Tam Ky,15.5667,108.4833,76.98,90,63,3.78,VN,2021-11-20 16:32:05
196,Zaysan,47.4667,84.8667,10.29,83,16,3.29,KZ,2021-11-20 16:32:06
197,Hithadhoo,-0.6,73.0833,81.07,81,100,16.35,MV,2021-11-20 16:29:58
198,Pafos,34.7667,32.4167,64.18,52,20,4.61,CY,2021-11-20 16:30:18
199,Statesboro,32.4488,-81.7832,59.14,50,1,10.36,US,2021-11-20 16:32:06
200,Victoria,22.2855,114.1577,75.38,85,88,7.0,HK,2021-11-20 16:30:31
201,Myitkyina,25.3833,97.4,64.2,76,2,2.46,MM,2021-11-20 16:32:06
202,Bonthe,7.5264,-12.505,84.9,71,19,10.27,SL,2021-11-20 16:32:07
203,Geraldton,-28.7667,114.6,63.01,67,0,5.75,AU,2021-11-20 16:28:16
204,Wajir,1.7471,40.0573,91.36,38,0,0.0,KE,2021-11-20 16:32:07
205,Anadyr,64.75,177.4833,-14.01,83,20,8.01,RU,2021-11-20 16:29:07
206,Sibu,2.3,111.8167,79.11,94,40,0.0,MY,2021-11-20 16:32:08
207,Klaksvik,62.2266,-6.589,38.32,76,100,28.32,FO,2021-11-20 16:32:08
208,Khatanga,71.9667,102.5,-24.02,99,98,6.06,RU,2021-11-20 16:32:08
209,Marawi,7.9986,124.2928,68.65,94,95,2.64,PH,2021-11-20 16:32:09
210,Torres,-29.3353,-49.7269,77.83,59,0,10.04,BR,2021-11-20 16:32:09
211,Kaitangata,-46.2817,169.8464,50.76,97,96,2.04,NZ,2021-11-20 16:30:07
212,Fredericton,45.9454,-66.6656,37.36,58,1,5.01,CA,2021-11-20 16:31:32
213,Namibe,-15.1961,12.1522,72.23,68,75,13.8,AO,2021-11-20 16:30:18
214,Pangnirtung,66.1451,-65.7125,19.4,58,40,3.44,CA,2021-11-20 16:32:09
215,Tiksi,71.6872,128.8694,-13.49,97,99,6.82,RU,2021-11-20 16:32:10
216,Byron Bay,-28.65,153.6167,71.87,89,100,6.53,AU,2021-11-20 16:32:10
217,Umm Lajj,25.0213,37.2685,75.22,58,49,6.31,SA,2021-11-20 16:32:10
218,Codrington,-38.2667,141.9667,48.69,82,2,8.37,AU,2021-11-20 16:32:11
219,Lysyye Gory,51.5506,44.8414,37.42,98,100,17.87,RU,2021-11-20 16:32:11
220,Terney,45.0503,136.6092,31.21,70,71,6.62,RU,2021-11-20 16:30:29
221,Muisne,0.6,-80.0333,82.51,76,88,8.84,EC,2021-11-20 16:32:11
222,Vostok,46.4856,135.8833,13.08,98,99,2.42,RU,2021-11-20 16:32:12
223,Bilibino,68.0546,166.4372,-18.27,81,74,4.07,RU,2021-11-20 16:32:12
224,Carutapera,-1.195,-46.02,87.33,64,25,11.65,BR,2021-11-20 16:32:12
225,Lompoc,34.6391,-120.4579,65.12,88,75,0.0,US,2021-11-20 16:29:33
226,Yasugi,35.4333,133.25,46.42,87,20,3.44,JP,2021-11-20 16:33:12
227,Hasaki,35.7333,140.8333,46.8,61,38,6.6,JP,2021-11-20 16:33:13
228,Katsuura,35.1333,140.3,55.51,74,14,7.72,JP,2021-11-20 16:29:24
229,Jimenez,28.3333,-105.4,61.54,44,9,7.92,MX,2021-11-20 16:33:13
230,Sao Jose De Piranhas,-7.1206,-38.5019,98.73,22,32,7.36,BR,2021-11-20 16:33:13
231,Sao Sebastiao,-23.76,-45.4097,68.9,91,100,6.11,BR,2021-11-20 16:33:14
232,Mangrol,21.1167,70.1167,81.99,63,89,10.13,IN,2021-11-20 16:33:14
233,Daru,-9.0763,143.2092,79.27,88,57,13.73,PG,2021-11-20 16:33:14
234,Yantal,56.8471,105.2542,0.95,98,100,3.0,RU,2021-11-20 16:33:14
235,Iqaluit,63.7506,-68.5145,13.73,78,90,25.99,CA,2021-11-20 16:30:02
236,Hami,42.8,93.45,27.68,39,0,6.87,CN,2021-11-20 16:33:15
237,Elmira,42.0898,-76.8077,40.71,80,98,10.51,US,2021-11-20 16:28:41
238,Imperia,43.9667,7.7833,54.81,89,9,3.36,IT,2021-11-20 16:33:15
239,Cayenne,4.9333,-52.3333,84.24,75,90,3.0,GF,2021-11-20 16:33:15
240,Mayo,38.8876,-76.5119,47.73,59,1,3.0,US,2021-11-20 16:30:58
241,Sao Filipe,14.8961,-24.4956,78.94,77,88,5.39,CV,2021-11-20 16:33:16
242,Burgeo,47.6167,-57.6152,40.28,66,65,23.31,CA,2021-11-20 16:33:16
243,Teya,60.3778,92.6267,-9.47,99,87,3.09,RU,2021-11-20 16:33:17
244,Saint-Louis,16.3333,-15.0,103.64,12,82,9.84,SN,2021-11-20 16:33:17
245,Bull Savanna,17.8868,-77.5902,82.15,55,77,5.61,JM,2021-11-20 16:33:17
246,Hualmay,-11.0964,-77.6139,70.5,71,77,11.52,PE,2021-11-20 16:33:17
247,Praia,14.9215,-23.5087,86.54,58,75,13.8,CV,2021-11-20 16:33:18
248,Ust-Omchug,61.15,149.6333,-3.28,99,99,4.72,RU,2021-11-20 16:33:18
249,Ornskoldsvik,63.2909,18.7153,31.15,93,0,16.11,SE,2021-11-20 16:33:18
250,Impfondo,1.6381,18.0667,75.45,84,98,2.51,CG,2021-11-20 16:33:18
251,Bubaque,11.2833,-15.8333,85.44,57,0,8.75,GW,2021-11-20 16:33:19
252,Nkhotakota,-12.9274,34.2961,82.49,50,2,2.71,MW,2021-11-20 16:33:19
253,Zhigansk,66.7697,123.3711,-24.99,99,99,6.49,RU,2021-11-20 16:33:19
254,Kokopo,-4.352,152.2633,77.47,84,63,3.2,PG,2021-11-20 16:33:19
255,Lagoa,39.05,-27.9833,65.08,75,98,24.61,PT,2021-11-20 16:29:09
256,Ipixuna,-1.7625,-48.8043,87.75,69,49,3.13,BR,2021-11-20 16:33:20
257,Calabar,4.9517,8.322,78.67,87,99,5.41,NG,2021-11-20 16:33:20
258,Sedalia,38.7045,-93.2283,52.86,39,1,16.11,US,2021-11-20 16:29:46
259,Kahului,20.8947,-156.47,76.84,82,20,6.91,US,2021-11-20 16:31:38
260,Hofn,64.2539,-15.2082,32.7,54,1,14.67,IS,2021-11-20 16:33:20
261,Yelatma,54.9675,41.7508,32.07,97,100,14.63,RU,2021-11-20 16:33:21
262,Puerto Colombia,10.9878,-74.9547,87.89,72,74,8.5,CO,2021-11-20 16:33:21
263,Pemangkat,1.1667,108.9667,79.09,85,100,5.21,ID,2021-11-20 16:33:21
264,Ampanihy,-24.7,44.75,72.01,83,62,12.97,MG,2021-11-20 16:33:21
265,Aklavik,68.2191,-135.0107,5.0,85,75,4.61,CA,2021-11-20 16:33:22
266,Huilong,31.8111,121.655,63.03,77,100,5.64,CN,2021-11-20 16:33:22
267,Xiazhen,34.8022,117.1117,54.0,85,100,7.2,CN,2021-11-20 16:33:22
268,Coahuayana,18.7333,-103.6833,85.48,32,8,1.39,MX,2021-11-20 16:33:22
269,Padang,-0.9492,100.3543,78.58,85,66,3.22,ID,2021-11-20 16:31:29
270,Yanam,16.7333,82.2167,77.4,91,43,5.32,IN,2021-11-20 16:33:23
271,Rawson,-43.3002,-65.1023,80.89,22,0,24.16,AR,2021-11-20 16:33:23
272,Half Moon Bay,37.4636,-122.4286,59.86,92,1,3.44,US,2021-11-20 16:33:23
273,Morondava,-20.2833,44.2833,80.26,77,26,15.59,MG,2021-11-20 16:33:23
274,Bud,39.447,-86.1758,46.58,59,100,6.8,US,2021-11-20 16:34:24
275,Amazar,53.858,120.875,10.17,87,100,2.82,RU,2021-11-20 16:34:24
276,Constitucion,-35.3333,-72.4167,64.81,65,12,7.96,CL,2021-11-20 16:34:24
277,Vanavara,60.34,102.2797,-17.1,100,91,2.39,RU,2021-11-20 16:34:24
278,Nanakuli,21.3906,-158.1547,76.1,83,1,3.44,US,2021-11-20 16:34:25
279,Shimoda,34.6667,138.95,54.1,76,55,8.72,JP,2021-11-20 16:34:25
280,Tirthahalli,13.7,75.2333,67.55,99,99,3.58,IN,2021-11-20 16:34:25
281,Uglegorsk,49.0833,142.0333,28.65,74,100,16.84,RU,2021-11-20 16:34:25
282,Hambantota,6.1241,81.1185,78.21,72,76,14.52,LK,2021-11-20 16:34:26
283,Skjervoy,70.0311,20.9714,36.0,53,100,25.28,NO,2021-11-20 16:34:26
284,Nokaneng,-19.6667,22.2667,84.88,33,58,2.62,BW,2021-11-20 16:34:26
285,Vila Velha,-20.3297,-40.2925,73.35,94,75,11.5,BR,2021-11-20 16:34:27
286,Mount Gambier,-37.8333,140.7667,40.91,93,40,3.44,AU,2021-11-20 16:34:27
287,Predivinsk,57.0669,93.4378,10.27,91,100,5.5,RU,2021-11-20 16:34:27
288,Port-Gentil,-0.7193,8.7815,80.56,89,40,10.36,GA,2021-11-20 16:34:27
289,Tres Arroyos,-38.3739,-60.2798,91.09,17,5,15.9,AR,2021-11-20 16:34:28
290,Hearst,49.6835,-83.6665,34.05,92,100,10.25,CA,2021-11-20 16:34:28
291,Rosarito,32.3333,-117.0333,61.75,77,100,3.83,MX,2021-11-20 16:34:28
292,Wattegama,6.7989,81.4808,74.16,90,94,2.91,LK,2021-11-20 16:34:29
293,Oarai,36.3167,140.6,46.85,65,74,3.83,JP,2021-11-20 16:34:29
294,Dingle,10.9995,122.6711,76.5,91,59,4.27,PH,2021-11-20 16:30:00
295,Port Augusta,-32.5,137.7667,57.34,74,63,15.57,AU,2021-11-20 16:34:29
296,Cairns,-16.9167,145.7667,71.55,89,40,5.75,AU,2021-11-20 16:34:29
297,Norman Wells,65.282,-126.8329,-2.16,78,40,6.91,CA,2021-11-20 16:34:29
298,Kargil,34.5667,76.1,17.13,56,5,3.0,IN,2021-11-20 16:34:30
299,Ljubinje,42.9508,18.0886,56.55,73,0,4.61,BA,2021-11-20 16:34:30
300,Yeppoon,-23.1333,150.7333,65.98,71,90,6.58,AU,2021-11-20 16:34:30
301,Longkou,37.6508,120.3286,52.07,92,100,7.85,CN,2021-11-20 16:34:30
302,Najran,17.4924,44.1277,83.05,47,0,6.85,SA,2021-11-20 16:34:31
303,Bure,10.7,37.0667,63.09,62,100,4.38,ET,2021-11-20 16:34:31
304,Langsa,4.4683,97.9683,75.61,95,93,2.64,ID,2021-11-20 16:34:31
305,Mandla,22.6,80.3833,70.72,50,90,3.67,IN,2021-11-20 16:34:31
306,Fort Nelson,58.8053,-122.7002,-17.01,76,20,0.0,CA,2021-11-20 16:31:32
307,Melo,-32.3667,-54.1833,81.19,44,0,10.29,UY,2021-11-20 16:34:32
308,Knyaze-Volkonskoye,48.4642,135.4567,19.74,98,100,2.8,RU,2021-11-20 16:34:32
309,Mayskiy,47.6931,40.1025,45.81,90,100,20.27,RU,2021-11-20 16:34:32
310,Balabac,7.9868,117.0645,81.55,76,71,3.89,PH,2021-11-20 16:34:33
311,Minot,48.2325,-101.2963,35.11,69,1,10.36,US,2021-11-20 16:34:00
312,Puerto Leguizamo,-0.1934,-74.7819,94.5,39,73,2.59,CO,2021-11-20 16:34:33
313,Tongzi,28.7829,105.0877,53.78,83,100,2.42,CN,2021-11-20 16:34:33
314,Fortuna,40.5982,-124.1573,45.43,98,90,4.0,US,2021-11-20 16:34:33
315,Hwange,-18.3693,26.5019,76.06,66,74,3.4,ZW,2021-11-20 16:34:34
316,Summerville,33.0185,-80.1757,59.99,62,1,1.01,US,2021-11-20 16:34:34
317,Ugep,5.8086,8.0812,82.15,69,75,4.92,NG,2021-11-20 16:35:34
318,Vardo,70.3705,31.1107,32.25,76,100,27.58,NO,2021-11-20 16:35:34
319,Tyazhinskiy,56.116,88.524,15.08,90,100,12.86,RU,2021-11-20 16:35:35
320,Elat,29.5581,34.9482,71.44,56,75,6.91,IL,2021-11-20 16:35:35
321,Langenhagen,52.45,9.75,51.33,84,90,11.5,DE,2021-11-20 16:35:35
322,Marsh Harbour,26.5412,-77.0636,74.82,88,100,23.96,BS,2021-11-20 16:35:30
323,Orocue,4.7912,-71.3354,93.18,41,83,8.37,CO,2021-11-20 16:35:35
324,Prince George,53.9166,-122.753,31.44,78,90,18.41,CA,2021-11-20 16:31:32
325,Baryshivka,50.361,31.3217,49.06,67,62,17.92,UA,2021-11-20 16:35:36
326,Vysokogornyy,50.1167,139.15,3.92,100,87,1.61,RU,2021-11-20 16:35:36
327,Marsabit,2.3284,37.9899,75.02,44,52,9.35,KE,2021-11-20 16:35:36
328,Yerbogachen,61.2767,108.0108,3.13,98,100,1.92,RU,2021-11-20 16:35:36
329,Nara,34.6851,135.8049,53.98,71,0,1.57,JP,2021-11-20 16:35:37
330,Suluq,31.6682,20.2521,65.17,60,99,13.6,LY,2021-11-20 16:35:37
331,Prince Rupert,54.3161,-130.3201,46.09,85,90,5.75,CA,2021-11-20 16:35:37
332,Churapcha,62.0025,132.4325,-27.09,100,95,0.78,RU,2021-11-20 16:35:38
333,Cockburn Town,21.4612,-71.1419,80.49,78,97,15.55,TC,2021-11-20 16:30:58
334,Vanimo,-2.6741,141.3028,77.59,88,81,2.13,PG,2021-11-20 16:35:38
335,Ostrovnoy,68.0531,39.5131,32.18,80,99,10.22,RU,2021-11-20 16:35:38
336,Westport,41.1415,-73.3579,47.25,48,1,5.01,US,2021-11-20 16:31:38
337,Lavrentiya,65.5833,-171.0,0.61,76,83,5.39,RU,2021-11-20 16:35:38
338,Adana,36.985,35.2881,62.62,59,75,6.91,TR,2021-11-20 16:35:39
339,Vaitape,-16.5167,-151.75,80.46,77,77,20.74,PF,2021-11-20 16:35:39
340,Mongo,12.1844,18.693,87.48,16,10,6.51,TD,2021-11-20 16:35:39
341,Boyolangu,-8.1181,111.8935,75.31,89,100,3.44,ID,2021-11-20 16:35:39
342,Tepepa,20.1333,-98.1833,57.7,70,64,5.12,MX,2021-11-20 16:35:40
343,Phangnga,8.4509,98.5298,84.9,94,98,2.71,TH,2021-11-20 16:35:40
344,Fairbanks,64.8378,-147.7164,-15.39,70,1,0.0,US,2021-11-20 16:30:45
345,Jiazi,22.8779,116.067,70.88,79,65,14.38,CN,2021-11-20 16:35:40
346,Kalmunai,7.4167,81.8167,80.26,83,100,4.7,LK,2021-11-20 16:35:40
347,Pisco,-13.7,-76.2167,68.05,77,40,9.22,PE,2021-11-20 16:35:41
348,Avera,33.194,-82.5271,54.91,34,0,11.41,US,2021-11-20 16:35:41
349,Wanning,18.8003,110.3967,76.51,82,77,2.51,CN,2021-11-20 16:35:41
350,Lardos,36.0942,28.0157,61.95,56,0,4.27,GR,2021-11-20 16:35:42
351,Kapit,2.0167,112.9333,75.79,90,100,0.94,MY,2021-11-20 16:35:42
352,Zarubino,42.63,131.0922,35.87,78,100,7.56,RU,2021-11-20 16:35:42
353,Olinda,-8.0089,-34.8553,78.53,89,75,4.61,BR,2021-11-20 16:35:42
354,Upernavik,72.7868,-56.1549,5.32,72,95,6.96,GL,2021-11-20 16:35:43
355,Kostomuksha,64.571,30.5767,26.46,93,82,8.93,RU,2021-11-20 16:35:43
356,Te Anau,-45.4167,167.7167,48.07,94,100,1.9,NZ,2021-11-20 16:35:43
357,Colimes,-1.55,-80.0167,84.58,41,74,2.28,EC,2021-11-20 16:35:43
358,Rahimatpur,17.6,74.2,72.73,90,99,3.89,IN,2021-11-20 16:35:44
359,Guerrero Negro,27.9769,-114.0611,66.88,71,100,7.72,MX,2021-11-20 16:35:44
360,Multai,21.7667,78.25,68.65,53,28,7.76,IN,2021-11-20 16:35:44
361,Burnie,-41.0667,145.9167,51.94,73,27,5.93,AU,2021-11-20 16:35:45
362,San Rafael,-34.6177,-68.3301,87.3,20,1,6.69,AR,2021-11-20 16:31:18
363,Clyde River,70.4692,-68.5914,8.83,92,40,23.02,CA,2021-11-20 16:35:43
364,Sioux Lookout,50.1001,-91.917,28.47,74,40,8.05,CA,2021-11-20 16:35:45
365,Waitati,-45.75,170.5667,50.31,87,99,3.33,NZ,2021-11-20 16:36:45
366,Ca Mau,9.1769,105.15,75.65,94,100,4.21,VN,2021-11-20 16:36:45
367,Okhotsk,59.3833,143.3,7.25,80,92,19.75,RU,2021-11-20 16:36:46
368,Thabazimbi,-24.5917,27.4116,68.7,72,62,8.79,ZA,2021-11-20 16:36:46
369,Erenhot,43.6475,111.9767,23.52,38,62,24.43,CN,2021-11-20 16:31:57
370,Katobu,-4.9408,122.5276,76.14,92,88,2.19,ID,2021-11-20 16:36:46
371,Dudinka,69.4058,86.1778,-11.99,91,61,13.18,RU,2021-11-20 16:36:46
372,Calabozo,8.9242,-67.4293,95.9,36,24,5.68,VE,2021-11-20 16:36:47
373,Dandong,40.1292,124.3947,40.87,57,100,4.27,CN,2021-11-20 16:36:47
374,Arona,28.0996,-16.681,66.76,63,40,9.22,ES,2021-11-20 16:36:47
375,Husavik,66.0449,-17.3389,21.11,78,99,13.42,IS,2021-11-20 16:36:47
376,Yulara,-25.2406,130.9889,67.84,73,82,14.97,AU,2021-11-20 16:36:48
377,San Ramon,37.7799,-121.978,57.96,86,1,1.99,US,2021-11-20 16:36:48
378,Allapalli,19.4167,80.0667,73.74,96,83,2.06,IN,2021-11-20 16:36:48
379,Rio Grande,-32.035,-52.0986,84.31,51,0,10.18,BR,2021-11-20 16:36:48
380,Muzhi,65.3667,64.6667,14.36,97,100,3.58,RU,2021-11-20 16:36:49
381,Emerald,-23.5333,148.1667,71.74,53,92,8.05,AU,2021-11-20 16:36:49
382,Clarence Town,-32.5833,151.7833,63.95,98,100,0.25,AU,2021-11-20 16:36:49
383,Stornoway,58.2093,-6.3865,44.92,76,40,20.71,GB,2021-11-20 16:36:49
384,San Policarpo,12.1791,125.5072,81.37,80,36,4.7,PH,2021-11-20 16:36:50
385,Fernley,39.608,-119.2518,46.47,60,29,1.99,US,2021-11-20 16:36:50
386,Xiaoshi,41.2971,124.1209,24.82,76,100,1.52,CN,2021-11-20 16:36:50
387,Kathu,7.9178,98.3332,84.69,99,100,4.72,TH,2021-11-20 16:36:50
388,Ciudad Bolivar,8.1222,-63.5497,92.91,43,21,7.27,VE,2021-11-20 16:36:51
389,Zeya,53.75,127.2667,9.34,66,95,3.53,RU,2021-11-20 16:33:07
390,Skaudvile,55.4167,22.6167,42.13,85,89,11.92,LT,2021-11-20 16:36:51
391,Beloha,-25.1667,45.05,71.96,85,60,12.41,MG,2021-11-20 16:36:51
392,Kiruna,67.8557,20.2251,25.72,100,90,5.75,SE,2021-11-20 16:36:33
393,Houma,29.5958,-90.7195,72.0,69,1,3.44,US,2021-11-20 16:36:19
394,Udayagiri,20.1333,84.3833,68.0,97,56,2.37,IN,2021-11-20 16:36:51
395,Baruun-Urt,46.6806,113.2792,16.09,94,100,12.21,MN,2021-11-20 16:36:52
396,Meulaboh,4.1363,96.1285,77.86,88,100,3.62,ID,2021-11-20 16:36:52
397,Quatre Cocos,-20.2078,57.7625,77.11,68,8,11.59,MU,2021-11-20 16:36:52
398,Pacific Grove,36.6177,-121.9166,59.59,95,90,8.01,US,2021-11-20 16:36:52
399,Pasuquin,18.3328,120.6177,76.84,78,29,8.34,PH,2021-11-20 16:36:53
400,Sangar,63.9242,127.4739,-15.21,100,99,1.48,RU,2021-11-20 16:33:13
401,Wahpeton,46.2652,-96.6059,32.72,74,1,10.36,US,2021-11-20 16:36:53
402,Asyut,27.181,31.1837,78.98,37,52,10.92,EG,2021-11-20 16:36:53
403,Maoming,21.65,110.9,71.71,87,19,8.39,CN,2021-11-20 16:36:53
404,Bowen,-20.0167,148.2333,62.82,74,17,7.23,AU,2021-11-20 16:36:54
405,Sibolga,1.7427,98.7792,78.4,88,98,2.59,ID,2021-11-20 16:36:54
406,Velikiy Ustyug,60.7644,46.3106,26.31,98,100,3.24,RU,2021-11-20 16:36:54
407,Mwene-Ditu,-7.0,23.45,72.39,73,70,4.34,CD,2021-11-20 16:36:54
408,Walvis Bay,-22.9575,14.5053,67.15,59,37,9.22,NA,2021-11-20 16:36:55
409,Malinovskiy,61.1953,62.8397,25.56,97,100,6.24,RU,2021-11-20 16:36:55
410,Alofi,-19.0595,-169.9187,71.49,94,8,1.14,NU,2021-11-20 16:36:55
411,Sao Desiderio,-12.3633,-44.9733,87.73,49,83,2.24,BR,2021-11-20 16:36:55
412,Bobo Dioulasso,11.1771,-4.2979,97.25,14,0,10.36,BF,2021-11-20 16:36:56
413,Abu Zabad,12.35,29.25,79.88,18,0,12.82,SD,2021-11-20 16:37:56
414,Point Fortin,10.1833,-61.6833,87.89,73,89,7.11,TT,2021-11-20 16:37:56
415,Novozavedennoye,44.2628,43.6381,40.3,80,69,5.99,RU,2021-11-20 16:37:56
416,Abalak,58.1286,68.5944,24.03,84,100,12.01,RU,2021-11-20 16:37:57
417,Chernyshevskiy,63.0128,112.4714,-21.3,100,63,1.12,RU,2021-11-20 16:37:57
418,Maua,-23.6678,-46.4614,67.8,86,100,8.46,BR,2021-11-20 16:37:57
419,Kaeo,-35.1,173.7833,63.32,95,91,4.85,NZ,2021-11-20 16:37:57
420,Khandyga,62.6667,135.6,-30.3,100,93,1.7,RU,2021-11-20 16:37:58
421,Borgo San Dalmazzo,44.333,7.4858,54.54,66,19,3.18,IT,2021-11-20 16:37:58
422,Gornopravdinsk,60.05,69.9,25.84,95,100,10.4,RU,2021-11-20 16:37:58
423,Kabelvag,68.2114,14.4817,36.54,85,43,17.43,NO,2021-11-20 16:37:58
424,Jatai,-17.8814,-51.7144,80.55,62,89,7.07,BR,2021-11-20 16:37:59
425,Raudeberg,61.9875,5.1352,40.87,86,100,8.01,NO,2021-11-20 16:37:59
426,Hamois,50.3348,5.1512,44.69,86,11,3.49,BE,2021-11-20 16:37:59
427,Blagoyevo,63.3667,47.9167,28.02,90,100,7.16,RU,2021-11-20 16:37:59
428,Nizhniy Kuranakh,58.8353,125.4869,-18.13,100,56,2.51,RU,2021-11-20 16:38:00
429,Samana,19.2056,-69.3369,88.02,74,20,4.61,DO,2021-11-20 16:38:00
430,Zheleznodorozhnyy,55.7503,38.0042,35.82,79,100,16.75,RU,2021-11-20 16:38:00
431,Saint-Francois,46.4154,3.9054,43.48,93,90,4.61,FR,2021-11-20 16:38:00
432,Isangel,-19.55,169.2667,73.8,80,91,2.66,VU,2021-11-20 16:38:01
433,Mandeville,18.0417,-77.5071,78.85,44,56,4.12,JM,2021-11-20 16:38:01
434,Vestmannaeyjar,63.4427,-20.2734,32.99,69,0,18.41,IS,2021-11-20 16:38:01
435,Srednekolymsk,67.45,153.6833,-18.22,100,72,5.3,RU,2021-11-20 16:38:01
436,Tilichiki,60.4667,166.1,1.24,94,98,10.6,RU,2021-11-20 16:34:27
437,Haines Junction,60.7522,-137.5108,-18.45,99,68,0.34,CA,2021-11-20 16:38:02
438,Samarkand,39.6542,66.9597,42.22,49,0,6.91,UZ,2021-11-20 16:38:02
439,Loikaw,19.6742,97.2094,61.38,75,49,3.49,MM,2021-11-20 16:38:02
440,Noshiro,40.2039,140.0242,42.22,72,53,3.29,JP,2021-11-20 16:38:02
441,Sudak,44.85,34.9667,52.36,79,100,13.94,UA,2021-11-20 16:38:03
442,Olutanga,7.3106,122.8464,83.28,75,100,3.96,PH,2021-11-20 16:38:03
443,Swan Hill,-35.3378,143.5544,48.58,69,12,8.01,AU,2021-11-20 16:38:03
444,Kawalu,-7.3817,108.2082,73.08,97,99,0.96,ID,2021-11-20 16:38:03
445,Cape Coast,5.1053,-1.2466,83.08,76,42,10.11,GH,2021-11-20 16:38:04
446,Sargatskoye,55.6101,73.4972,19.83,84,100,14.47,RU,2021-11-20 16:38:04
447,Damphu,27.0721,90.1096,54.73,89,12,3.87,BT,2021-11-20 16:38:04
448,Havelock,34.8791,-76.9013,57.15,66,15,5.99,US,2021-11-20 16:38:04
449,Krutinka,56.0055,71.5113,20.19,84,100,17.0,RU,2021-11-20 16:38:05
450,Hengshui,37.7322,115.7011,45.34,85,100,4.16,CN,2021-11-20 16:38:05
451,Marzuq,14.4,46.4667,69.71,44,52,7.0,YE,2021-11-20 16:38:05
452,Noumea,-22.2763,166.4572,75.99,99,65,8.01,NC,2021-11-20 16:38:06
453,Haimen,23.1935,116.6142,69.69,81,59,16.4,CN,2021-11-20 16:38:06
454,Gamba,-2.65,10.0,76.12,85,96,3.18,GA,2021-11-20 16:38:06
455,Medea,36.2642,2.7539,57.65,78,100,5.35,DZ,2021-11-20 16:33:18
456,Henties Bay,-22.116,14.2845,60.24,86,35,11.25,NA,2021-11-20 16:38:06
457,Okato,-39.2,173.8833,54.68,81,71,9.46,NZ,2021-11-20 16:38:07
458,Sumbe,-11.2061,13.8437,78.89,81,100,6.35,AO,2021-11-20 16:39:07
459,Komsomolskiy,40.4272,71.7189,33.22,59,0,6.91,UZ,2021-11-20 16:39:07
460,Garissa,-0.4536,39.6401,86.36,55,93,17.0,KE,2021-11-20 16:39:07
461,Ferme-Neuve,46.7001,-75.4493,33.58,56,96,9.57,CA,2021-11-20 16:39:08
462,San Patricio,28.017,-97.5169,75.92,69,8,5.01,US,2021-11-20 16:39:08
463,Champerico,14.3,-91.9167,90.14,68,98,3.98,GT,2021-11-20 16:39:08
464,Inirida,3.8653,-67.9239,78.42,88,99,5.95,CO,2021-11-20 16:39:08
465,Caernarfon,53.1413,-4.2702,53.4,51,90,10.36,GB,2021-11-20 16:36:12
466,Betare Oya,5.6,14.0833,77.88,58,61,3.44,CM,2021-11-20 16:39:09
467,Bonfim,3.0833,-59.95,92.59,43,76,2.44,BR,2021-11-20 16:39:09
468,Kijang,35.2442,129.2139,49.73,70,41,3.31,KR,2021-11-20 16:39:09
469,Shaowu,27.3409,117.4831,63.43,86,88,0.85,CN,2021-11-20 16:39:09
470,Chuy,-33.6971,-53.4616,81.36,40,0,9.89,UY,2021-11-20 16:39:10
471,Sao Gabriel Da Cachoeira,-0.1303,-67.0892,76.8,88,75,5.75,BR,2021-11-20 16:39:10
472,Lekoni,-1.5843,14.2591,71.22,94,96,9.84,GA,2021-11-20 16:39:10
473,Iiyama,36.85,138.3667,50.76,91,20,2.13,JP,2021-11-20 16:39:10
474,Andrushivka,50.0229,29.0202,43.72,67,17,16.11,UA,2021-11-20 16:39:11
475,Teahupoo,-17.8333,-149.2667,75.16,66,63,15.95,PF,2021-11-20 16:39:11
476,Mushie,-3.0167,16.9,72.18,96,100,3.58,CD,2021-11-20 16:39:11
477,Acari,-15.4311,-74.6158,79.74,49,82,11.65,PE,2021-11-20 16:39:11
478,Sur,22.5667,59.5289,75.33,56,0,7.58,OM,2021-11-20 16:39:12
479,Namatanai,-3.6667,152.4333,77.97,85,48,4.05,PG,2021-11-20 16:39:12
480,Surt,31.2089,16.5887,67.33,62,14,10.54,LY,2021-11-20 16:39:12
481,Itoman,26.1247,127.6694,75.22,73,75,10.36,JP,2021-11-20 16:39:12
482,Pitimbu,-7.4706,-34.8086,88.39,67,40,12.84,BR,2021-11-20 16:39:13
483,Ghanzi,-21.5667,21.7833,78.62,37,95,4.5,BW,2021-11-20 16:39:13
484,Holland,42.7875,-86.1089,41.41,61,90,3.0,US,2021-11-20 16:36:55
485,Udachnyy,66.4167,112.4,-28.12,99,16,4.16,RU,2021-11-20 16:37:32
486,Yevlax,40.6089,47.1492,43.02,58,44,2.98,AZ,2021-11-20 16:39:13
487,Bukachacha,52.9833,116.9167,12.67,95,100,0.78,RU,2021-11-20 16:39:14
488,Lazaro Cardenas,17.9583,-102.2,83.82,51,1,2.46,MX,2021-11-20 16:39:14
489,Araouane,18.9048,-3.5265,89.13,18,4,13.96,ML,2021-11-20 16:39:14
490,Ugoofaaru,5.6667,73.0,82.62,69,91,17.58,MV,2021-11-20 16:39:14
491,Havoysund,70.9963,24.6622,31.08,61,100,23.51,NO,2021-11-20 16:39:15
492,Mana,5.6592,-53.7767,85.62,66,23,8.97,GF,2021-11-20 16:39:15
493,Ahipara,-35.1667,173.1667,58.3,95,61,5.59,NZ,2021-11-20 16:39:15
494,Gizo,-8.103,156.8419,81.18,72,24,0.94,SB,2021-11-20 16:39:16
495,Ayagoz,47.9714,80.4392,1.76,85,7,7.81,KZ,2021-11-20 16:39:16
496,Sassandra,4.95,-6.0833,83.14,76,19,7.72,CI,2021-11-20 16:39:16
497,Preili,56.2944,26.7246,39.18,75,96,12.71,LV,2021-11-20 16:39:16
498,Grand Gaube,-20.0064,57.6608,77.4,67,4,7.0,MU,2021-11-20 16:39:17
499,Odweyne,9.4092,45.064,74.32,25,30,4.09,SO,2021-11-20 16:39:17
500,Jingdezhen,29.2947,117.2079,61.95,96,100,2.73,CN,2021-11-20 16:39:17
501,Guiratinga,-16.3494,-53.7583,79.25,76,99,5.06,BR,2021-11-20 16:39:17
502,Farah,32.5,62.5,46.94,29,0,1.41,AF,2021-11-20 16:39:18
503,Kudahuvadhoo,2.6708,72.8944,81.73,76,74,18.61,MV,2021-11-20 16:40:18
504,Tokonou,9.65,-9.7833,85.39,43,15,3.02,GN,2021-11-20 16:40:18
505,Batagay,67.6333,134.6333,-15.93,99,99,1.95,RU,2021-11-20 16:40:18
506,Luwuk,-0.9516,122.7875,78.1,89,75,1.43,ID,2021-11-20 16:40:19
507,Turayf,31.6725,38.6637,61.05,63,20,0.0,SA,2021-11-20 16:40:19
508,Dosso,13.049,3.1937,90.43,12,19,6.44,NE,2021-11-20 16:40:19
509,Green Valley,31.8543,-110.9937,72.45,31,51,4.72,US,2021-11-20 16:40:01
510,Biak,-0.9131,122.8766,76.95,87,74,1.21,ID,2021-11-20 16:40:19
511,Tanem,63.3078,10.4319,39.13,92,98,10.2,NO,2021-11-20 16:40:20
512,Dafeng,23.4517,108.5881,67.98,98,98,2.04,CN,2021-11-20 16:40:20
513,Svay Rieng,11.0879,105.7993,77.94,89,97,5.44,KH,2021-11-20 16:40:20
514,Jumla,29.2747,82.1838,43.95,70,0,4.05,NP,2021-11-20 16:40:21
515,Spassk-Ryazanskiy,54.4072,40.3806,34.34,97,100,20.47,RU,2021-11-20 16:40:21
516,Pecanha,-18.5486,-42.5569,70.21,92,100,3.11,BR,2021-11-20 16:40:21
517,Coolum Beach,-26.5333,153.1,70.11,88,78,6.89,AU,2021-11-20 16:36:10
518,Punta Alta,-38.8759,-62.0736,92.17,22,0,23.02,AR,2021-11-20 16:40:21
519,Azul,-36.777,-59.8585,83.34,18,0,11.52,AR,2021-11-20 16:39:06
520,Kirillov,59.863,38.3813,30.13,95,99,5.17,RU,2021-11-20 16:40:22
521,Aksarka,66.5606,67.7975,9.95,95,100,9.91,RU,2021-11-20 16:40:22
522,Saint George,37.1041,-113.5841,59.34,49,1,0.0,US,2021-11-20 16:40:22
523,Jiaohe,43.7286,127.3447,25.14,91,61,1.05,CN,2021-11-20 16:40:22
524,Mahanoro,-19.9,48.8,76.62,78,0,9.46,MG,2021-11-20 16:40:23
525,Tekeli,44.83,78.8239,25.86,50,0,13.31,KZ,2021-11-20 16:40:23
526,Whitehorse,60.7161,-135.0538,-23.03,76,20,2.3,CA,2021-11-20 16:40:23
527,Kroya,-7.6331,109.2461,78.17,86,96,1.01,ID,2021-11-20 16:40:23
528,Lakes Entrance,-37.8811,147.981,52.57,79,68,5.75,AU,2021-11-20 16:40:24
529,Jeremoabo,-10.075,-38.4808,95.36,26,78,8.52,BR,2021-11-20 16:40:24
530,Sechura,-5.5569,-80.8222,77.45,56,56,12.08,PE,2021-11-20 16:40:24
531,Berlevag,70.8578,29.0864,30.81,73,100,27.4,NO,2021-11-20 16:40:24
532,Maitum,6.0392,124.4986,77.49,88,80,5.26,PH,2021-11-20 16:40:25
533,Kurilsk,45.2333,147.8833,35.56,76,99,19.26,RU,2021-11-20 16:40:25
534,Nantucket,41.2835,-70.0995,48.02,61,1,5.75,US,2021-11-20 16:40:25
535,Kudat,6.8837,116.8477,77.29,100,20,2.3,MY,2021-11-20 16:40:25
536,Lerwick,60.1545,-1.1494,44.6,81,48,21.07,GB,2021-11-20 16:40:25
537,Hvolsvollur,63.7533,-20.2243,32.67,69,44,9.89,IS,2021-11-20 16:40:26
538,Kosh-Agach,50.0,88.6667,-2.31,54,13,2.64,RU,2021-11-20 16:40:26
539,Roma,43.2128,-75.4557,43.12,76,1,8.05,US,2021-11-20 16:36:03
540,Otradnoye,59.7775,30.8181,38.03,74,93,11.72,RU,2021-11-20 16:40:26
541,Ritchie,-29.038,24.6028,83.41,11,28,9.42,ZA,2021-11-20 16:40:26
542,Poum,-20.2333,164.0167,76.14,72,0,15.97,NC,2021-11-20 16:40:27
543,Dubbo,-32.25,148.6167,62.73,88,100,5.75,AU,2021-11-20 16:40:27
544,Sao Joao Da Barra,-21.6403,-41.0511,75.29,88,100,16.35,BR,2021-11-20 16:40:27
545,Litovko,49.2361,135.1742,7.34,99,98,2.06,RU,2021-11-20 16:40:28
546,San Lawrenz,36.0553,14.204,63.86,74,1,1.86,MT,2021-11-20 16:41:28
547,Naze,28.3667,129.4833,68.36,70,99,14.45,JP,2021-11-20 16:41:28
548,Puerto Escondido,15.85,-97.0667,83.23,69,1,8.05,MX,2021-11-20 16:41:28
549,Kouroussa,10.65,-9.8833,91.33,25,1,4.61,GN,2021-11-20 16:41:28
550,Cornwall,45.0181,-74.7281,42.89,56,1,6.91,CA,2021-11-20 16:41:29
551,Tuatapere,-46.1333,167.6833,50.2,94,100,3.8,NZ,2021-11-20 16:41:29
552,Kuminskiy,58.6667,66.5667,25.14,85,100,12.48,RU,2021-11-20 16:41:29
553,Rocha,-34.4833,-54.3333,80.96,32,13,9.19,UY,2021-11-20 16:37:23
554,Maunabo,18.0072,-65.8993,87.48,77,16,11.99,PR,2021-11-20 16:41:13
555,Lubango,-14.9172,13.4925,67.66,71,83,4.25,AO,2021-11-20 16:41:29
556,Marystown,47.1666,-55.1483,44.85,100,39,10.0,CA,2021-11-20 16:41:30
557,Nador,35.174,-2.9287,68.07,77,20,4.61,MA,2021-11-20 16:41:30
558,Kambove,-10.8764,26.5969,63.14,94,97,5.03,CD,2021-11-20 16:41:30
559,Vao,-22.6667,167.4833,72.68,81,50,16.26,NC,2021-11-20 16:41:31
560,Hailar,49.2,119.7,14.54,90,94,5.12,CN,2021-11-20 16:41:31
561,Naguabo,18.2116,-65.7349,87.46,72,20,3.0,PR,2021-11-20 16:41:31
562,Jalu,29.0331,21.5482,67.62,46,9,7.27,LY,2021-11-20 16:41:31
563,Devils Lake,48.1128,-98.8651,28.94,81,1,5.01,US,2021-11-20 16:41:32
564,Atherton,53.5237,-2.4935,53.78,91,93,5.99,GB,2021-11-20 16:41:32
565,Sembakung,3.8167,117.25,78.73,99,74,0.92,ID,2021-11-20 16:41:32
566,Petropavlovsk-Kamchatskiy,53.0452,158.6483,34.39,93,90,33.55,RU,2021-11-20 16:41:32
567,Chifeng,42.2683,118.9636,27.59,75,100,2.01,CN,2021-11-20 16:40:01
